percentage_%,temperature_C,density_kg_m3,strain
0,-20,600,6.365E-06
10,-20,600,7.010E-06
20,-20,600,7.654E-06
30,-20,600,8.299E-06
40,-20,600,8.943E-06
50,-20,600,9.588E-06
60,-20,600,1.023E-05
70,-20,600,1.088E-05
80,-20,600,1.152E-05
90,-20,600,1.217E-05
100,-20,600,1.281E-05
0,-10,600,8.856E-06
10,-10,600,9.495E-06
20,-10,600,1.013E-05
30,-10,600,1.077E-05
40,-10,600,1.141E-05
50,-10,600,1.205E-05
60,-10,600,1.269E-05
70,-10,600,1.332E-05
80,-10,600,1.396E-05
90,-10,600,1.460E-05
100,-10,600,1.524E-05
0,0,600,1.121E-05
10,0,600,1.186E-05
20,0,600,1.250E-05
30,0,600,1.315E-05
40,0,600,1.379E-05
50,0,600,1.444E-05
60,0,600,1.509E-05
70,0,600,1.573E-05
80,0,600,1.638E-05
90,0,600,1.702E-05
100,0,600,1.767E-05
0,10,600,1.356E-05
10,10,600,1.421E-05
20,10,600,1.487E-05
30,10,600,1.552E-05
40,10,600,1.617E-05
50,10,600,1.683E-05
60,10,600,1.748E-05
70,10,600,1.814E-05
80,10,600,1.879E-05
90,10,600,1.945E-05
100,10,600,2.010E-05
0,20,600,1.616E-05
10,20,600,1.679E-05
20,20,600,1.743E-05
30,20,600,1.807E-05
40,20,600,1.871E-05
50,20,600,1.934E-05
60,20,600,1.998E-05
70,20,600,2.062E-05
80,20,600,2.126E-05
90,20,600,2.189E-05
100,20,600,2.253E-05
0,30,600,1.859E-05
10,30,600,1.922E-05
20,30,600,1.986E-05
30,30,600,2.050E-05
40,30,600,2.114E-05
50,30,600,2.177E-05
60,30,600,2.241E-05
70,30,600,2.305E-05
80,30,600,2.369E-05
90,30,600,2.432E-05
100,30,600,2.496E-05
0,40,600,2.084E-05
10,40,600,2.150E-05
20,40,600,2.215E-05
30,40,600,2.281E-05
40,40,600,2.346E-05
50,40,600,2.412E-05
60,40,600,2.477E-05
70,40,600,2.543E-05
80,40,600,2.608E-05
90,40,600,2.674E-05
100,40,600,2.739E-05
0,-20,800,1.307E-05
10,-20,800,1.383E-05
20,-20,800,1.460E-05
30,-20,800,1.536E-05
40,-20,800,1.612E-05
50,-20,800,1.689E-05
60,-20,800,1.765E-05
70,-20,800,1.842E-05
80,-20,800,1.918E-05
90,-20,800,1.995E-05
100,-20,800,2.071E-05
0,-10,800,1.564E-05
10,-10,800,1.639E-05
20,-10,800,1.714E-05
30,-10,800,1.789E-05
40,-10,800,1.864E-05
50,-10,800,1.939E-05
60,-10,800,2.014E-05
70,-10,800,2.089E-05
80,-10,800,2.164E-05
90,-10,800,2.239E-05
100,-10,800,2.314E-05
0,0,800,1.795E-05
10,0,800,1.871E-05
20,0,800,1.948E-05
30,0,800,2.024E-05
40,0,800,2.100E-05
50,0,800,2.176E-05
60,0,800,2.252E-05
70,0,800,2.328E-05
80,0,800,2.405E-05
90,0,800,2.481E-05
100,0,800,2.557E-05
0,10,800,2.050E-05
10,10,800,2.125E-05
20,10,800,2.200E-05
30,10,800,2.275E-05
40,10,800,2.350E-05
50,10,800,2.425E-05
60,10,800,2.500E-05
70,10,800,2.575E-05
80,10,800,2.650E-05
90,10,800,2.725E-05
100,10,800,2.800E-05
0,20,800,2.293E-05
10,20,800,2.368E-05
20,20,800,2.443E-05
30,20,800,2.518E-05
40,20,800,2.593E-05
50,20,800,2.668E-05
60,20,800,2.743E-05
70,20,800,2.818E-05
80,20,800,2.893E-05
90,20,800,2.968E-05
100,20,800,3.043E-05
0,30,800,2.528E-05
10,30,800,2.603E-05
20,30,800,2.679E-05
30,30,800,2.755E-05
40,30,800,2.831E-05
50,30,800,2.907E-05
60,30,800,2.983E-05
70,30,800,3.058E-05
80,30,800,3.134E-05
90,30,800,3.210E-05
100,30,800,3.286E-05
0,40,800,2.796E-05
10,40,800,2.869E-05
20,40,800,2.943E-05
30,40,800,3.016E-05
40,40,800,3.090E-05
50,40,800,3.163E-05
60,40,800,3.236E-05
70,40,800,3.310E-05
80,40,800,3.383E-05
90,40,800,3.457E-05
100,40,800,3.530E-05
0,-20,1000,1.940E-05
10,-20,1000,2.033E-05
20,-20,1000,2.125E-05
30,-20,1000,2.217E-05
40,-20,1000,2.309E-05
50,-20,1000,2.401E-05
60,-20,1000,2.493E-05
70,-20,1000,2.585E-05
80,-20,1000,2.677E-05
90,-20,1000,2.769E-05
100,-20,1000,2.861E-05
0,-10,1000,2.167E-05
10,-10,1000,2.261E-05
20,-10,1000,2.354E-05
30,-10,1000,2.448E-05
40,-10,1000,2.542E-05
50,-10,1000,2.635E-05
60,-10,1000,2.729E-05
70,-10,1000,2.823E-05
80,-10,1000,2.917E-05
90,-10,1000,3.010E-05
100,-10,1000,3.104E-05
0,0,1000,2.416E-05
10,0,1000,2.509E-05
20,0,1000,2.602E-05
30,0,1000,2.696E-05
40,0,1000,2.789E-05
50,0,1000,2.882E-05
60,0,1000,2.975E-05
70,0,1000,3.068E-05
80,0,1000,3.161E-05
90,0,1000,3.254E-05
100,0,1000,3.347E-05
0,10,1000,2.642E-05
10,10,1000,2.736E-05
20,10,1000,2.831E-05
30,10,1000,2.926E-05
40,10,1000,3.021E-05
50,10,1000,3.116E-05
60,10,1000,3.211E-05
70,10,1000,3.306E-05
80,10,1000,3.401E-05
90,10,1000,3.496E-05
100,10,1000,3.591E-05
0,20,1000,2.889E-05
10,20,1000,2.984E-05
20,20,1000,3.078E-05
30,20,1000,3.172E-05
40,20,1000,3.267E-05
50,20,1000,3.362E-05
60,20,1000,3.456E-05
70,20,1000,3.550E-05
80,20,1000,3.645E-05
90,20,1000,3.740E-05
100,20,1000,3.834E-05
0,30,1000,3.145E-05
10,30,1000,3.238E-05
20,30,1000,3.331E-05
30,30,1000,3.425E-05
40,30,1000,3.518E-05
50,30,1000,3.611E-05
60,30,1000,3.704E-05
70,30,1000,3.797E-05
80,30,1000,3.891E-05
90,30,1000,3.984E-05
100,30,1000,4.077E-05
0,40,1000,3.395E-05
10,40,1000,3.488E-05
20,40,1000,3.580E-05
30,40,1000,3.673E-05
40,40,1000,3.765E-05
50,40,1000,3.858E-05
60,40,1000,3.950E-05
70,40,1000,4.043E-05
80,40,1000,4.135E-05
90,40,1000,4.228E-05
100,40,1000,4.320E-05
0,-20,1200,2.492E-05
10,-20,1200,2.608E-05
20,-20,1200,2.724E-05
30,-20,1200,2.840E-05
40,-20,1200,2.956E-05
50,-20,1200,3.072E-05
60,-20,1200,3.188E-05
70,-20,1200,3.304E-05
80,-20,1200,3.420E-05
90,-20,1200,3.536E-05
100,-20,1200,3.652E-05
0,-10,1200,2.764E-05
10,-10,1200,2.877E-05
20,-10,1200,2.990E-05
30,-10,1200,3.103E-05
40,-10,1200,3.216E-05
50,-10,1200,3.329E-05
60,-10,1200,3.443E-05
70,-10,1200,3.556E-05
80,-10,1200,3.669E-05
90,-10,1200,3.782E-05
100,-10,1200,3.895E-05
0,0,1200,3.002E-05
10,0,1200,3.115E-05
20,0,1200,3.229E-05
30,0,1200,3.343E-05
40,0,1200,3.456E-05
50,0,1200,3.570E-05
60,0,1200,3.684E-05
70,0,1200,3.797E-05
80,0,1200,3.911E-05
90,0,1200,4.024E-05
100,0,1200,4.138E-05
0,10,1200,3.270E-05
10,10,1200,3.381E-05
20,10,1200,3.492E-05
30,10,1200,3.603E-05
40,10,1200,3.715E-05
50,10,1200,3.826E-05
60,10,1200,3.937E-05
70,10,1200,4.048E-05
80,10,1200,4.159E-05
90,10,1200,4.270E-05
100,10,1200,4.381E-05
0,20,1200,3.498E-05
10,20,1200,3.611E-05
20,20,1200,3.723E-05
30,20,1200,3.836E-05
40,20,1200,3.949E-05
50,20,1200,4.061E-05
60,20,1200,4.174E-05
70,20,1200,4.286E-05
80,20,1200,4.399E-05
90,20,1200,4.511E-05
100,20,1200,4.624E-05
0,30,1200,3.730E-05
10,30,1200,3.844E-05
20,30,1200,3.957E-05
30,30,1200,4.071E-05
40,30,1200,4.185E-05
50,30,1200,4.299E-05
60,30,1200,4.412E-05
70,30,1200,4.526E-05
80,30,1200,4.640E-05
90,30,1200,4.753E-05
100,30,1200,4.867E-05
0,40,1200,3.995E-05
10,40,1200,4.106E-05
20,40,1200,4.218E-05
30,40,1200,4.329E-05
40,40,1200,4.441E-05
50,40,1200,4.552E-05
60,40,1200,4.664E-05
70,40,1200,4.775E-05
80,40,1200,4.887E-05
90,40,1200,4.998E-05
100,40,1200,5.110E-05
0,-20,1400,3.146E-05
10,-20,1400,3.275E-05
20,-20,1400,3.405E-05
30,-20,1400,3.535E-05
40,-20,1400,3.664E-05
50,-20,1400,3.794E-05
60,-20,1400,3.923E-05
70,-20,1400,4.053E-05
80,-20,1400,4.183E-05
90,-20,1400,4.312E-05
100,-20,1400,4.442E-05
0,-10,1400,3.408E-05
10,-10,1400,3.535E-05
20,-10,1400,3.663E-05
30,-10,1400,3.791E-05
40,-10,1400,3.919E-05
50,-10,1400,4.046E-05
60,-10,1400,4.174E-05
70,-10,1400,4.302E-05
80,-10,1400,4.430E-05
90,-10,1400,4.557E-05
100,-10,1400,4.685E-05
0,0,1400,3.645E-05
10,0,1400,3.773E-05
20,0,1400,3.901E-05
30,0,1400,4.030E-05
40,0,1400,4.158E-05
50,0,1400,4.286E-05
60,0,1400,4.415E-05
70,0,1400,4.543E-05
80,0,1400,4.671E-05
90,0,1400,4.800E-05
100,0,1400,4.928E-05
0,10,1400,3.894E-05
10,10,1400,4.021E-05
20,10,1400,4.149E-05
30,10,1400,4.277E-05
40,10,1400,4.405E-05
50,10,1400,4.532E-05
60,10,1400,4.660E-05
70,10,1400,4.788E-05
80,10,1400,4.916E-05
90,10,1400,5.043E-05
100,10,1400,5.171E-05
0,20,1400,4.089E-05
10,20,1400,4.222E-05
20,20,1400,4.354E-05
30,20,1400,4.487E-05
40,20,1400,4.619E-05
50,20,1400,4.752E-05
60,20,1400,4.884E-05
70,20,1400,5.017E-05
80,20,1400,5.149E-05
90,20,1400,5.282E-05
100,20,1400,5.414E-05
0,30,1400,4.368E-05
10,30,1400,4.497E-05
20,30,1400,4.626E-05
30,30,1400,4.755E-05
40,30,1400,4.884E-05
50,30,1400,5.013E-05
60,30,1400,5.142E-05
70,30,1400,5.270E-05
80,30,1400,5.399E-05
90,30,1400,5.528E-05
100,30,1400,5.657E-05
0,40,1400,4.631E-05
10,40,1400,4.758E-05
20,40,1400,4.885E-05
30,40,1400,5.012E-05
40,40,1400,5.139E-05
50,40,1400,5.266E-05
60,40,1400,5.393E-05
70,40,1400,5.519E-05
80,40,1400,5.646E-05
90,40,1400,5.773E-05
100,40,1400,5.900E-05
